{"Quantum_QVAE": {"Accuracy": 0.7517564402810304}, "Classical_AE": {"Accuracy": 0.9016393442622951}}