{"Quantum_QVAE": {"Accuracy": 0.8571428571428571}, "Classical_AE": {"Accuracy": 0.8477751756440282}}